{
  "ents_f": 82.6687177202,
  "ents_p": 83.0971489885,
  "ents_per_type": {
    "LOC": {
      "f": 85.6450292162,
      "p": 84.0422128633,
      "r": 87.3101706314
    },
    "MISC": {
      "f": 70.8802166969,
      "p": 77.1125534666,
      "r": 65.5799591824
    },
    "ORG": {
      "f": 73.9475289811,
      "p": 78.0173801094,
      "r": 70.2812409394
    },
    "PER": {
      "f": 87.8285109291,
      "p": 86.4908738172,
      "r": 89.2081728217
    }
  },
  "ents_r": 82.2446815928
}